<?xml version="1.0" encoding="UTF-8" standalone="yes"?>
<addon id="repository.bzaffarepo" name="BZaffa Repo" version="0.0.1" provider-name="BZ">
	<extension point="xbmc.addon.repository" name="BZaffa Repo">
		<dir>
			<info compressed="false">https://raw.githubusercontent.com/totalrevolution/python-koding/master/zips/addons.xml</info>
			<checksum>https://raw.githubusercontent.com/totalrevolution/python-koding/master/zips/addons.xml.md5</checksum>
			<datadir zip="true">https://raw.githubusercontent.com/totalrevolution/python-koding/master/zips/</datadir>
		</dir>
		<info compressed="false">https://raw.githubusercontent.com/BZaffa/repository.bzaffarepo/master/zips/addons.xml</info>
		<checksum>https://raw.githubusercontent.com/BZaffa/repository.bzaffarepo/master/zips/addons.xml.md5</checksum>
		<datadir zip="true">https://raw.githubusercontent.com/BZaffa/repository.bzaffarepo/master/zips/</datadir>
	</extension>
	<extension point="xbmc.addon.metadata">
		<summary lang="en">BZaffa repository</summary>
		<description lang="en">BZaffa repository of stuff & things</description>
		<genre>downloads,livetv,movies,skin,tvshows,wizard,usa</genre>
	</extension>
</addon>