<?xml version="1.0" encoding="UTF-8" standalone="yes"?>
<addon id="plugin.program.bzaffa" name="BodhiZaffa Wizard" version="1.4" provider-name="BodhiZaffa">
  <requires>
    <import addon="xbmc.python" version="2.1.0"/>
  </requires>
  <extension point="xbmc.python.pluginsource" library="default.py">
    <provides>executable</provides>
  </extension>
  <extension point="xbmc.service" library="startup.py" start="startup" />
  <extension point="xbmc.addon.metadata">
    <summary lang="en">BodhiZaffa Wizard</summary>
    <description lang="en">BodhiZaffa, aka “BZaffa”, wizard &amp; stuff</description>
    <platform>all</platform>
  </extension>
</addon>